{"cameraMode":{"drawMode":0,"name":"Shaded","section":"Shading Mode"},"sceneLighting":true,"audioPlay":false,"sceneViewState":{"showFog":true,"showMaterialUpdate":false,"showSkybox":true,"showFlares":true,"showImageEffects":true,"showParticleSystems":true},"in2DMode":false,"pivot":{"x":16.971216201782228,"y":-4.328389644622803,"z":9.716039657592774},"rotation":{"x":0.147140771150589,"y":0.8006731271743774,"z":-0.2190096229314804,"w":0.5379306674003601},"size":11.650025367736817,"orthographic":false}