{"cameraMode":{"drawMode":0,"name":"Shaded","section":"Shading Mode"},"sceneLighting":true,"audioPlay":false,"sceneViewState":{"showFog":true,"showMaterialUpdate":false,"showSkybox":true,"showFlares":true,"showImageEffects":true,"showParticleSystems":true},"in2DMode":false,"pivot":{"x":6.165942668914795,"y":3.3739230632781984,"z":19.385360717773439},"rotation":{"x":-0.10149002075195313,"y":-0.5996495485305786,"z":0.07712016254663468,"w":-0.7900846600532532},"size":9.08056640625,"orthographic":false}