{"cameraMode":{"drawMode":0,"name":"Shaded","section":"Shading Mode"},"sceneLighting":true,"audioPlay":false,"sceneViewState":{"showFog":true,"showMaterialUpdate":false,"showSkybox":true,"showFlares":true,"showImageEffects":true,"showParticleSystems":true},"in2DMode":false,"pivot":{"x":-25.93036651611328,"y":0.7015621066093445,"z":20.79404067993164},"rotation":{"x":-0.288204163312912,"y":0.445926308631897,"z":-0.15425221621990205,"w":-0.8332697153091431},"size":9.152007102966309,"orthographic":false}