{"cameraMode":{"drawMode":0,"name":"Shaded","section":"Shading Mode"},"sceneLighting":true,"audioPlay":false,"sceneViewState":{"showFog":true,"showMaterialUpdate":false,"showSkybox":true,"showFlares":true,"showImageEffects":true,"showParticleSystems":true},"in2DMode":false,"pivot":{"x":15.140837669372559,"y":-1.7694860696792603,"z":16.765724182128908},"rotation":{"x":-0.18049384653568269,"y":-0.600044310092926,"z":0.1413610428571701,"w":-0.7664564847946167},"size":8.689537048339844,"orthographic":false}